{"cameraMode":{"drawMode":0,"name":"Shaded","section":"Shading Mode"},"sceneLighting":false,"audioPlay":false,"sceneViewState":{"m_AlwaysRefresh":false,"showFog":true,"showSkybox":false,"showFlares":true,"showImageEffects":true,"showParticleSystems":true,"showVisualEffectGraphs":true,"m_FxEnabled":true},"in2DMode":false,"pivot":{"x":-3.9809627532958986,"y":0.46880340576171877,"z":2.2727441787719728},"rotation":{"x":0.356758713722229,"y":0.29885977506637576,"z":-0.12094279378652573,"w":0.8771553039550781},"size":6.1939191818237309,"orthographic":true}